000012.SZ	南玻A	
000672.SZ	上峰材料	
000683.SZ	博源化工	
000725.SZ	京东方A	
000792.SZ	盐湖股份	
000893.SZ	亚钾国际	
000932.SZ	华菱钢铁	
000983.SZ	山西焦煤	
001205.SZ	盛航股份	
002078.SZ	太阳纸业	
002299.SZ	圣农发展	
002387.SZ	维信诺	
002460.SZ	赣锋锂业	
002466.SZ	天齐锂业	
002493.SZ	荣盛石化	
002714.SZ	牧原股份	
300498.SZ	温氏股份	
301308.SZ	江波龙	
600019.SH	宝钢股份	
600026.SH	中远海能	
600028.SH	中国石化	
600096.SH	云天化	
600141.SH	兴发集团	
600143.SH	金发科技	
600150.SH	中国船舶	
600409.SH	三友化工	
600426.SH	华鲁恒升	
600486.SH	扬农化工	
600567.SH	山鹰国际	
600585.SH	海螺水泥	
600737.SH	中粮糖业	
600801.SH	华新建材	
600938.SH	中国海油	
600989.SH	宝丰能源	
601012.SH	隆基绿能	
601021.SH	春秋航空	
601088.SH	中国神华	
601111.SH	中国国航	
601225.SH	陕西煤业	
601600.SH	中国铝业	
601636.SH	旗滨集团	
601865.SH	福莱特	
601899.SH	紫金矿业	
601919.SH	中远海控	
603225.SH	新凤鸣	
603986.SH	兆易创新	
603993.SH	洛阳钼业	
688303.SH	大全能源	
601857.SH	中国石油	A
00332.HK	元亨燃氣	HK
600346.SH	恒力石化	A
601808.SH	中海油服	A
000975.SZ	山金国际	A
601969.SH	海南矿业	A
600010.SH	包钢股份	A
600282.SH	南钢股份	A
000708.SZ	中信特钢	A
000630.SZ	铜陵有色	A
000807.SZ	云铝股份	A
600111.SH	北方稀土	A
000960.SZ	锡业股份	A
300748.SZ	金力永磁	A
09893.HK	比優集團	HK
603077.SH	和邦生物	A
01866.HK	中國心連心化肥	HK
01470.HK	富一國際控股	HK
000902.SZ	新洋丰	A
000408.SZ	藏格矿业	A
00723.HK	信保環球控股	HK
01481.HK	竣球控股	HK
02689.HK	玖龍紙業	HK
002001.SZ	新 和 成	A
00189.HK	東岳集團	HK
600066.SH	宇通客车	A
688009.SH	中国通号	A
001696.SZ	宗申动力	A
002131.SZ	利欧股份	A
300450.SZ	先导智能	A
000100.SZ	TCL科技	A
000050.SZ	深天马Ａ	A
600875.SH	东方电气	A
600008.SH	首创环保	A
300140.SZ	节能环境	A
600031.SH	三一重工	A
08246.HK	中華燃氣	HK
688472.SH	阿特斯	A
600438.SH	通威股份	A
688349.SH	三一重能	A
600893.SH	航发动力	A
002625.SZ	光启技术	A
000768.SZ	中航西飞	A
002709.SZ	天赐材料	A
300014.SZ	亿纬锂能	A
002850.SZ	科达利	A
300750.SZ	宁德时代	A
600482.SH	中国动力	A
600798.SH	宁波海运	A
601298.SH	青岛港	A
601018.SH	宁波港	A
00144.HK	招商局港口	HK
601872.SH	招商轮船	A
600377.SH	宁沪高速	A
002352.SZ	顺丰控股	A
600233.SH	圆通速递	A
001391.SZ	国货航	A
02482.HK	維天運通	HK
600058.SH	五矿发展	A
002831.SZ	裕同科技	A
600210.SH	紫江企业	A
002701.SZ	奥瑞金	A
01211.HK	比亞迪股份	HK
600660.SH	福耀玻璃	A
601058.SH	赛轮轮胎	A
601689.SH	拓普集团	A
603766.SH	隆鑫通用	A
000333.SZ	美的集团	A
688169.SH	石头科技	A
600690.SH	海尔智家	A
002600.SZ	领益智造	A
002475.SZ	立讯精密	A
002241.SZ	歌尔股份	A
09992.HK	泡泡瑪特	HK
603195.SH	公牛集团	A
603816.SH	顾家家居	A
603833.SH	欧派家居	A
02299.HK	百宏實業	HK
06288.HK	FAST RETAIL-DRS	HK
600177.SH	雅戈尔	A
600398.SH	海澜之家	A
02331.HK	李寧	HK
600612.SH	老凤祥	A
01913.HK	普拉達	HK
601333.SH	广深铁路	A
00027.HK	銀河娛樂	HK
600754.SH	锦江酒店	A
601888.SH	中国中免	A
09987.HK	百勝中國	HK
06862.HK	海底撈	HK
300144.SZ	宋城演艺	A
002027.SZ	分众传媒	A
300058.SZ	蓝色光标	A
600556.SH	天下秀	A
600959.SH	江苏有线	A
300251.SZ	光线传媒	A
002739.SZ	儒意电影	A
601921.SH	浙版传媒	A
300413.SZ	芒果超媒	A
002607.SZ	中公教育	A
002093.SZ	国脉科技	A
02076.HK	ＢＯＳＳ直聘－Ｗ	HK
02508.HK	聖貝拉集團	HK
600335.SH	国机汽车	A
06110.HK	滔搏	HK
02519.HK	傲基股份	HK
600415.SH	小商品城	A
600655.SH	豫园股份	A
000785.SZ	居然智家	A
600185.SH	珠免集团	A
09988.HK	阿里巴巴－Ｗ	HK
000895.SZ	双汇发展	A
300146.SZ	汤臣倍健	A
603345.SH	安井食品	A
600887.SH	伊利股份	A
605499.SH	东鹏饮料	A
600600.SH	青岛啤酒	A
600519.SH	贵州茅台	A
06055.HK	中煙香港	HK
603288.SH	海天味业	A
000876.SZ	新 希 望	A
01068.HK	雨潤食品	HK
002157.SZ	正邦科技	A
300999.SZ	金龙鱼	A
002311.SZ	海大集团	A
02360.HK	優品３６０	HK
605009.SH	豪悦护理	A
06601.HK	朝雲集團	HK
002422.SZ	科伦药业	A
600276.SH	恒瑞医药	A
000963.SZ	华东医药	A
000661.SZ	长春高新	A
600161.SH	天坛生物	A
002252.SZ	上海莱士	A
600436.SH	片仔癀	A
000999.SZ	华润三九	A
000538.SZ	云南白药	A
601607.SH	上海医药	A
600511.SH	国药股份	A
300347.SZ	泰格医药	A
300760.SZ	迈瑞医疗	A
688271.SH	联影医疗	A
300832.SZ	新产业	A
300896.SZ	爱美客	A
300015.SZ	爱尔眼科	A
688363.SH	华熙生物	A
02031.HK	澳至尊	HK
300957.SZ	贝泰妮	A
00788.HK	中國鐵塔	HK
600941.SH	中国移动	A
600050.SH	中国联通	A
00836.HK	華潤電力	HK
600023.SH	浙能电力	A
600025.SH	华能水电	A
600011.SH	华能国际	A
600803.SH	新奥股份	A
601139.SH	深圳燃气	A
00270.HK	粵海投資	HK
02380.HK	中國電力	HK
00257.HK	光大環境	HK
01798.HK	大唐新能源	HK
01816.HK	中廣核電力	HK
600036.SH	招商银行	A
601939.SH	建设银行	A
601398.SH	工商银行	A
601318.SH	中国平安	A
300059.SZ	东方财富	A
601136.SH	首创证券	A
601236.SH	红塔证券	A
600030.SH	中信证券	A
02799.HK	中信金融資產	HK
03360.HK	遠東宏信	HK
600061.SH	国投资本	A
000617.SZ	中油资本	A
02598.HK	連連數字	HK
300917.SZ	特发服务	A
001979.SZ	招商蛇口	A
600048.SH	保利发展	A
000002.SZ	万 科Ａ	A
00101.HK	恒隆地產	HK
00010.HK	恒隆集團	HK
01209.HK	華潤萬象生活	HK
02602.HK	萬物雲	HK
06098.HK	碧桂園服務	HK
600176.SH	中国巨石	A
002271.SZ	东方雨虹	A
603737.SH	三棵树	A
002080.SZ	中材科技	A
601668.SH	中国建筑	A
600170.SH	上海建工	A
600248.SH	陕建股份	A
600039.SH	四川路桥	A
601186.SH	中国铁建	A
601868.SH	中国能建	A
603296.SH	华勤技术	A
600089.SH	特变电工	A
601877.SH	正泰电器	A
300502.SZ	新易盛	A
000977.SZ	浪潮信息	A
002236.SZ	大华股份	A
603019.SH	中科曙光	A
300124.SZ	汇川技术	A
300757.SZ	罗博特科	A
300024.SZ	机器人	A
00700.HK	騰訊控股	HK
301236.SZ	软通动力	A
000938.SZ	紫光股份	A
03355.HK	飛速創新	HK
688111.SH	金山办公	A
300803.SZ	指南针	A
600570.SH	恒生电子	A
09999.HK	網易－Ｓ	HK
603444.SH	吉比特	A
688525.SH	佰维存储	A
688234.SH	天岳先进	A
000009.SZ	中国宝安	A
