000019.SZ	深粮控股	A
000423.SZ	东阿阿胶	A
000513.SZ	丽珠集团	A
000538.SZ	云南白药	A
000661.SZ	长春高新	A
000739.SZ	普洛药业	A
000756.SZ	新华制药	A
000876.SZ	新希望	A
000895.SZ	双汇发展	A
000911.SZ	广农糖业	A
000950.SZ	重药控股	A
000963.SZ	华东医药	A
000998.SZ	隆平高科	A
000999.SZ	华润三九	A
001206.SZ	依依股份	A
001313.SZ	粤海饲料	A
001328.SZ	登康口腔	A
002007.SZ	华兰生物	A
002041.SZ	登海种业	A
002044.SZ	美年健康	A
002219.SZ	新里程	A
002223.SZ	鱼跃医疗	A
002234.SZ	民和股份	A
002252.SZ	上海莱士	A
002294.SZ	信立泰	A
002299.SZ	圣农发展	A
002311.SZ	海大集团	A
002385.SZ	大北农	A
00241.HK	阿里健康	HK
002422.SZ	科伦药业	A
002432.SZ	九安医疗	A
002458.SZ	益生股份	A
002511.SZ	中顺洁柔	A
002551.SZ	尚荣医疗	A
002714.SZ	牧原股份	A
002727.SZ	一心堂	A
002746.SZ	仙坛股份	A
002821.SZ	凯莱英	A
002840.SZ	华统股份	A
00288.HK	万洲国际	HK
002880.SZ	卫光生物	A
002950.SZ	奥美医疗	A
003006.SZ	百亚股份	A
00411.HK	南顺香港	HK
00759.HK	CEC国际	HK
00814.HK	北京京客隆	HK
00926.HK	碧生源	HK
00980.HK	联华超市	HK
00984.HK	永旺	HK
01044.HK	恒安国际	HK
01068.HK	雨润食品	HK
01093.HK	石药集团	HK
01099.HK	国药控股	HK
01112.HK	H&H国际控股	HK
01177.HK	中国生物制药	HK
01318.HK	毛戈平	HK
01338.HK	霸王集团	HK
01340.HK	惠生国际	HK
01521.HK	方达控股	HK
01801.HK	信达生物	HK
01830.HK	完美医疗	HK
01873.HK	维亚生物	HK
01877.HK	君实生物	HK
01936.HK	利特米	HK
01951.HK	锦欣生殖	HK
02023.HK	中国绿岛科技	HK
02031.HK	澳至尊	HK
02135.HK	瑞丽医美	HK
02138.HK	医思健康	HK
02145.HK	上美股份	HK
02216.HK	堃博医疗	HK
02228.HK	晶泰控股	HK
02268.HK	药明合联	HK
02269.HK	药明生物	HK
02279.HK	雍禾医疗	HK
02360.HK	优品360	HK
02367.HK	巨子生物	HK
02373.HK	美丽田园医疗健康	HK
02419.HK	德康农牧	HK
02530.HK	纽曼思	HK
02593.HK	草姬集团	HK
02651.HK	大众口腔	HK
02656.HK	健康160	HK
02666.HK	环球医疗	HK
02698.HK	乐舒适	HK
03332.HK	中生联合	HK
03692.HK	翰森制药	HK
03828.HK	明辉国际	HK
03838.HK	中国淀粉	HK
06078.HK	海吉亚医疗	HK
06086.HK	方舟健客	HK
06160.HK	百济神州	HK
06185.HK	康希诺生物	HK
06601.HK	朝云集团	HK
06618.HK	京东健康	HK
06699.HK	时代天使	HK
06808.HK	高鑫零售	HK
06993.HK	蓝月亮集团	HK
08281.HK	中国金典集团	HK
08451.HK	日光控股	HK
08512.HK	凯富善集团控股	HK
09676.HK	十月稻田	HK
09860.HK	艾迪康控股	HK
09885.HK	药师帮	HK
09886.HK	叮当健康	HK
09960.HK	康圣环球	HK
300003.SZ	乐普医疗	A
300015.SZ	爱尔眼科	A
300087.SZ	荃银高科	A
300122.SZ	智飞生物	A
300132.SZ	青松股份	A
300142.SZ	沃森生物	A
300206.SZ	理邦仪器	A
300244.SZ	迪安诊断	A
300294.SZ	博雅生物	A
300347.SZ	泰格医药	A
300363.SZ	博腾股份	A
300406.SZ	九强生物	A
300453.SZ	三鑫医疗	A
300498.SZ	温氏股份	A
300595.SZ	欧普康视	A
300601.SZ	康泰生物	A
300677.SZ	英科医疗	A
300702.SZ	天宇股份	A
300740.SZ	水羊股份	A
300759.SZ	康龙化成	A
300760.SZ	迈瑞医疗	A
300761.SZ	立华股份	A
300832.SZ	新产业	A
300849.SZ	锦盛新材	A
300856.SZ	科思股份	A
300896.SZ	爱美客	A
300955.SZ	嘉亨家化	A
300957.SZ	贝泰妮	A
300967.SZ	晓鸣股份	A
300999.SZ	金龙鱼	A
301017.SZ	漱玉平民	A
301116.SZ	益客食品	A
301267.SZ	华厦眼科	A
301293.SZ	三博脑科	A
301301.SZ	川宁生物	A
600062.SH	华润双鹤	A
600161.SH	天坛生物	A
600223.SH	福瑞达	A
600276.SH	恒瑞医药	A
600315.SH	上海家化	A
600329.SH	达仁堂	A
600380.SH	健康元	A
600436.SH	片仔癀	A
600511.SH	国药股份	A
600521.SH	华海药业	A
600535.SH	天士力	A
600566.SH	济川药业	A
600598.SH	北大荒	A
600737.SH	中粮糖业	A
600739.SH	辽宁成大	A
600763.SH	通策医疗	A
600965.SH	福成股份	A
600998.SH	九州通	A
601118.SH	海南橡胶	A
601607.SH	上海医药	A
601952.SH	苏垦农发	A
603087.SH	甘李药业	A
603127.SH	昭衍新药	A
603151.SH	邦基科技	A
603193.SH	润本股份	A
603233.SH	大参林	A
603259.SH	药明康德	A
603301.SH	振德医疗	A
603368.SH	柳药集团	A
603392.SH	万泰生物	A
603477.SH	巨星农牧	A
603538.SH	美诺华	A
603605.SH	珀莱雅	A
603609.SH	禾丰股份	A
603668.SH	天马科技	A
603882.SH	金域医学	A
603883.SH	老百姓	A
603939.SH	益丰药房	A
605009.SH	豪悦护理	A
605266.SH	健之佳	A
605296.SH	神农集团	A
688026.SH	洁特生物	A
688114.SH	华大智造	A
688192.SH	迪哲医药	A
688271.SH	联影医疗	A
688506.SH	百利天恒	A
688617.SH	惠泰医疗	A
688739.SH	成大生物	A
920786.BJ	骑士乳业	A
