000016.SZ	深康佳A	A
000021.SZ	深科技	A
000333.SZ	美的集团	A
000404.SZ	长虹华意	A
000651.SZ	格力电器	A
000810.SZ	创维数字	A
000910.SZ	大亚圣象	A
000913.SZ	钱江摩托	A
000921.SZ	海信家电	A
00114.HK	HERALD HOLD	HK
001211.SZ	双枪科技	A
001216.SZ	华瓷股份	A
001221.SZ	悍高集团	A
001222.SZ	源飞宠物	A
001238.SZ	浙江正特	A
001322.SZ	箭牌家居	A
001323.SZ	慕思股份	A
001386.SZ	马可波罗	A
00180.HK	开达集团	HK
002011.SZ	盾安环境	A
002032.SZ	苏泊尔	A
002103.SZ	广博股份	A
002241.SZ	歌尔股份	A
002242.SZ	九阳股份	A
002301.SZ	齐心集团	A
002351.SZ	漫步者	A
002369.SZ	卓翼科技	A
002402.SZ	和而泰	A
002429.SZ	兆驰股份	A
002475.SZ	立讯精密	A
002489.SZ	浙江永强	A
002508.SZ	老板电器	A
002572.SZ	索菲亚	A
002600.SZ	领益智造	A
002614.SZ	奥佳华	A
002615.SZ	哈尔斯	A
002635.SZ	安洁科技	A
002668.SZ	TCL智家	A
002705.SZ	新宝股份	A
002891.SZ	中宠股份	A
002918.SZ	蒙娜丽莎	A
002920.SZ	德赛西威	A
002959.SZ	小熊电器	A
002993.SZ	奥海科技	A
003012.SZ	东鹏控股	A
003028.SZ	振邦智能	A
00325.HK	布鲁可	HK
00422.HK	越南製造加工出口	HK
00425.HK	敏實集團	HK
00635.HK	彩星集团	HK
00669.HK	创科实业	HK
00805.HK	新吉奥房车	HK
00869.HK	彩星玩具	HK
01005.HK	MATRIX HOLDINGS	HK
01070.HK	TCL电子	HK
01126.HK	德林国际	HK
01316.HK	耐世特	HK
01585.HK	雅迪控股	HK
01691.HK	JS环球生活	HK
01792.HK	CMON	HK
01925.HK	旷世芳香	HK
01999.HK	敏华控股	HK
02285.HK	泉峰控股	HK
02451.HK	绿源集团控股	HK
02549.HK	卡罗特	HK
02580.HK	奥克斯电气	HK
02720.HK	乐欣户外	HK
06858.HK	本间高尔夫	HK
09992.HK	泡泡玛特	HK
300115.SZ	长盈精密	A
300136.SZ	信维通信	A
300616.SZ	尚品宅配	A
300640.SZ	德艺文创	A
300673.SZ	佩蒂股份	A
300679.SZ	电连技术	A
300703.SZ	创源股份	A
300729.SZ	乐歌股份	A
300735.SZ	光弘科技	A
300793.SZ	佳禾智能	A
300824.SZ	北鼎股份	A
300866.SZ	安克创新	A
300993.SZ	玉马科技	A
300994.SZ	久祺股份	A
301004.SZ	嘉益股份	A
301055.SZ	张小泉	A
301061.SZ	匠心家居	A
301113.SZ	雅艺科技	A
301135.SZ	瑞德智能	A
301187.SZ	欧圣电气	A
301322.SZ	绿通科技	A
301335.SZ	天元宠物	A
301345.SZ	涛涛车业	A
301376.SZ	致欧科技	A
301498.SZ	乖宝宠物	A
301606.SZ	绿联科技	A
600060.SH	海信视像	A
600099.SH	林海股份	A
600619.SH	海立股份	A
600660.SH	福耀玻璃	A
600679.SH	上海凤凰	A
600690.SH	海尔智家	A
600741.SH	华域汽车	A
600818.SH	中路股份	A
600839.SH	四川长虹	A
601138.SH	工业富联	A
601231.SH	环旭电子	A
601689.SH	拓普集团	A
601956.SH	东贝集团	A
603008.SH	喜临门	A
603129.SH	春风动力	A
603180.SH	金牌家居	A
603195.SH	公牛集团	A
603219.SH	富佳股份	A
603313.SH	梦百合	A
603326.SH	我乐家居	A
603355.SH	莱克电气	A
603486.SH	科沃斯	A
603529.SH	爱玛科技	A
603579.SH	荣泰健康	A
603600.SH	永艺股份	A
603766.SH	隆鑫通用	A
603776.SH	永安行	A
603787.SH	新日股份	A
603801.SH	志邦家居	A
603816.SH	顾家家居	A
603833.SH	欧派家居	A
603868.SH	飞科电器	A
603898.SH	好莱客	A
603899.SH	晨光股份	A
605080.SH	浙江自然	A
605268.SH	王力安防	A
605555.SH	德昌股份	A
688036.SH	传音控股	A
688169.SH	石头科技	A
688696.SH	极米科技	A
688775.SH	影石创新	A
688793.SH	倍轻松	A
689009.SH	九号公司	A
920419.BJ	路斯股份	A
